Time;Hour;0x00;0x01;0x02;BE 3;BE 4;0x03;QoS 1
1;2020-11-23T17:49:55+01:00;0;0;0;null;null;null;null
2;2020-11-23T17:49:56+01:00;0;0;0;null;null;0;null
3;2020-11-23T17:49:57+01:00;0;0;0;null;null;0;null
4;2020-11-23T17:49:58+01:00;0;0;0;null;null;0;null
5;2020-11-23T17:49:59+01:00;0;null;null;null;null;null;null
6;2020-11-23T17:50:00+01:00;null;0;0;null;null;0;null
7;2020-11-23T17:50:01+01:00;0;0;0;null;null;0;null
8;2020-11-23T17:50:02+01:00;0;0;0;null;null;0;null
9;2020-11-23T17:50:03+01:00;0;0;0;null;null;0;null
10;2020-11-23T17:50:04+01:00;0;0;0;null;null;0;null
11;2020-11-23T17:50:05+01:00;0;0;0;null;null;0;null
12;2020-11-23T17:50:06+01:00;0;0;0;null;null;0;null
13;2020-11-23T17:50:07+01:00;0;0;0;null;null;0;null
14;2020-11-23T17:50:08+01:00;0;0;0;null;null;0;null
15;2020-11-23T17:50:09+01:00;0;0;0;null;null;0;null
16;2020-11-23T17:50:10+01:00;0;0;0;null;null;0;null
17;2020-11-23T17:50:11+01:00;0;0;0;null;null;0;null
18;2020-11-23T17:50:12+01:00;0;0;0;null;null;0;null
19;2020-11-23T17:50:13+01:00;0;0;0;null;null;0;null
20;2020-11-23T17:50:14+01:00;0;0;0;null;null;0;null
21;2020-11-23T17:50:15+01:00;0;0;0;null;null;0;null
22;2020-11-23T17:50:16+01:00;0;0;0;null;null;0;null
23;2020-11-23T17:50:17+01:00;0;0;0;null;null;0;null
24;2020-11-23T17:50:18+01:00;0;0;0;null;null;0;null
25;2020-11-23T17:50:19+01:00;0;0;0;null;null;0;null
26;2020-11-23T17:50:20+01:00;0;0;0;null;null;0;null
27;2020-11-23T17:50:21+01:00;0;0;0;null;null;0;null
28;2020-11-23T17:50:22+01:00;0;0;0;null;null;0;null
29;2020-11-23T17:50:23+01:00;0;0;0;null;null;0;null
30;2020-11-23T17:50:24+01:00;0;0;0;null;null;0;null
31;2020-11-23T17:50:25+01:00;0;0;0;null;null;0;null
32;2020-11-23T17:50:26+01:00;0;0;0;null;null;0;null
33;2020-11-23T17:50:27+01:00;0;0;0;null;null;0;null
34;2020-11-23T17:50:28+01:00;0;0;0;null;null;0;null
35;2020-11-23T17:50:29+01:00;0;0;0;null;null;0;null
36;2020-11-23T17:50:30+01:00;0;0;0;null;0;0;null
37;2020-11-23T17:50:31+01:00;0;0;0;null;0;0;null
38;2020-11-23T17:50:32+01:00;0;0;0;null;null;null;null
39;2020-11-23T17:50:33+01:00;0.001552;0;0;null;0;0;null
40;2020-11-23T17:50:34+01:00;0.007647999999999999;0;0;null;2.931136;0;null
41;2020-11-23T17:50:35+01:00;0.001856;0;0;null;6.642752000000001;0;null
42;2020-11-23T17:50:36+01:00;0.001856;0;0;null;6.824864;0;null
43;2020-11-23T17:50:37+01:00;null;null;null;null;2.913792;0;null
44;2020-11-23T17:50:38+01:00;0.000928;0;0;null;2.853088;0;null
45;2020-11-23T17:50:39+01:00;0.002784;0;0;null;2.523552;0;null
46;2020-11-23T17:50:40+01:00;null;null;null;null;4.127872;0;null
47;2020-11-23T17:50:41+01:00;0.001856;0;0;null;7.0243199999999995;0;null
48;2020-11-23T17:50:42+01:00;0.001856;0;0;null;4.613504;null;null
49;2020-11-23T17:50:43+01:00;0.002784;0;null;null;6.8682240000000006;0;null
50;2020-11-23T17:50:44+01:00;0.000928;0;0;null;6.304544;0;null
51;2020-11-23T17:50:45+01:00;0.002784;0;null;null;5.784224;0;null
52;2020-11-23T17:50:46+01:00;0.000928;0;0;null;7.215104;0;null
53;2020-11-23T17:50:47+01:00;0.002784;0;0;null;6.399935999999999;null;null
54;2020-11-23T17:50:48+01:00;0.000928;0;0;null;6.67744;0;null
55;2020-11-23T17:50:49+01:00;0.002784;0;0;null;6.2091520000000004;0;null
56;2020-11-23T17:50:50+01:00;0.001856;0;0;null;null;0;null
57;2020-11-23T17:50:51+01:00;0.000928;0;0;null;null;0;null
58;2020-11-23T17:50:52+01:00;0.000928;0;0;null;null;0;null
59;2020-11-23T17:50:53+01:00;0;0;0;null;null;0;null
60;2020-11-23T17:50:54+01:00;0;0;0;null;null;0;null
61;2020-11-23T17:50:55+01:00;0;0;0;null;null;0;null
62;2020-11-23T17:50:56+01:00;0;0;0;null;null;0;null
63;2020-11-23T17:50:57+01:00;0;0;0;null;null;0;null
64;2020-11-23T17:50:58+01:00;0;0;0;null;null;0;null
65;2020-11-23T17:50:59+01:00;0;0;0;null;null;0;null
66;2020-11-23T17:51:00+01:00;0;0;0;null;null;0;null
67;2020-11-23T17:51:01+01:00;0;0;0;null;null;0;null
68;2020-11-23T17:51:02+01:00;0;0;0;null;null;0;null
69;2020-11-23T17:51:03+01:00;0;0;0;null;null;0;null
70;2020-11-23T17:51:04+01:00;0;0;0;null;null;0;null
71;2020-11-23T17:51:05+01:00;0;0;0;null;null;0;null
72;2020-11-23T17:51:06+01:00;0;0;0;null;null;0;null
73;2020-11-23T17:51:07+01:00;0;0;0;null;null;0;null
74;2020-11-23T17:51:08+01:00;0;0;0;null;null;0;null
75;2020-11-23T17:51:09+01:00;0;0;0;null;null;0;null
76;2020-11-23T17:51:10+01:00;0;0;0;null;null;0;null
77;2020-11-23T17:51:11+01:00;0;0;0;null;null;0;null
78;2020-11-23T17:51:12+01:00;0;0;0;null;null;0;null
79;2020-11-23T17:51:13+01:00;0;0;0;null;null;0;null
80;2020-11-23T17:51:14+01:00;0;0;0;null;null;0;null
81;2020-11-23T17:51:15+01:00;0;0;0;null;null;0;null
82;2020-11-23T17:51:16+01:00;0;0;0;null;null;0;null
83;2020-11-23T17:51:17+01:00;0;0;0;null;null;0;null
84;2020-11-23T17:51:18+01:00;0;0;0;null;null;0;null
85;2020-11-23T17:51:19+01:00;0;0;0;null;null;0;null
86;2020-11-23T17:51:20+01:00;0;0;0;null;null;0;null
87;2020-11-23T17:51:21+01:00;0;0;0;null;null;0;null
88;2020-11-23T17:51:22+01:00;0;0;0;null;null;0;null
89;2020-11-23T17:51:23+01:00;0;0;0;null;null;0;null
90;2020-11-23T17:51:24+01:00;0;0;0;null;null;0;null
91;2020-11-23T17:51:25+01:00;0;0;0;null;null;0;null
92;2020-11-23T17:51:26+01:00;0;0;0;null;null;0;null
93;2020-11-23T17:51:27+01:00;0;0;0;null;null;0;null
94;2020-11-23T17:51:28+01:00;0;0;0;null;null;0;null
95;2020-11-23T17:51:29+01:00;0;0;0;null;null;0;null
96;2020-11-23T17:51:30+01:00;0;0;0;null;0;0;null
97;2020-11-23T17:51:31+01:00;0;0;0;null;0;0;null
98;2020-11-23T17:51:32+01:00;0;0;0;null;null;null;null
99;2020-11-23T17:51:33+01:00;0.000928;0;null;null;1.456896;0;null
100;2020-11-23T17:51:34+01:00;0.006719999999999999;0;0;null;7.414560000000001;0;null
101;2020-11-23T17:51:35+01:00;0.006719999999999999;null;null;null;12.31424;0;null
102;2020-11-23T17:51:36+01:00;0.006719999999999999;0;0;null;10.770624;0;null
103;2020-11-23T17:51:37+01:00;0.006719999999999999;0;0;null;4.067168000000001;0;null
104;2020-11-23T17:51:38+01:00;0.006719999999999999;0;0;null;2.8877759999999997;0;null
105;2020-11-23T17:51:39+01:00;0.006719999999999999;0;null;null;3.42544;0;null
106;2020-11-23T17:51:40+01:00;null;null;0;null;6.885568;0;null
107;2020-11-23T17:51:41+01:00;0.006719999999999999;0;0;null;8.186368;0;null
108;2020-11-23T17:51:42+01:00;0.006719999999999999;0;0;null;10.727264;0;null
109;2020-11-23T17:51:43+01:00;0.006719999999999999;0;0;null;9.426464;null;null
110;2020-11-23T17:51:44+01:00;0.006719999999999999;0;0;null;10.519136;0;null
111;2020-11-23T17:51:45+01:00;0.006719999999999999;0;null;null;6.4346239999999995;0;null
112;2020-11-23T17:51:46+01:00;0.006719999999999999;0;0;null;6.15712;0;null
113;2020-11-23T17:51:47+01:00;0.006719999999999999;0;0;null;5.37664;0;null
114;2020-11-23T17:51:48+01:00;0.006719999999999999;0;0;null;5.931648;0;null
115;2020-11-23T17:51:49+01:00;0.006719999999999999;0;0;null;6.261184;0;null
116;2020-11-23T17:51:50+01:00;0.006719999999999999;0;0;null;null;0;null
117;2020-11-23T17:51:51+01:00;0.006719999999999999;0;0;null;null;0;null
118;2020-11-23T17:51:52+01:00;0.004864;0;0;null;null;0;null
119;2020-11-23T17:51:53+01:00;0;0;0;null;null;0;null
120;2020-11-23T17:51:54+01:00;0;0;0;null;null;0;null
121;2020-11-23T17:51:55+01:00;0;0;0;null;null;0;null
122;2020-11-23T17:51:56+01:00;0;0;0;null;null;0;null
123;2020-11-23T17:51:57+01:00;0;0;0;null;null;0;null
124;2020-11-23T17:51:58+01:00;0;0;0;null;null;0;null
125;2020-11-23T17:51:59+01:00;0;0;0;null;null;0;null
126;2020-11-23T17:52:00+01:00;0;0;0;null;null;0;null
127;2020-11-23T17:52:01+01:00;0;0;0;null;null;0;null
128;2020-11-23T17:52:02+01:00;0;0;0;null;null;0;null
129;2020-11-23T17:52:03+01:00;0;0;0;null;null;0;null
130;2020-11-23T17:52:04+01:00;0;0;0;null;null;0;null
131;2020-11-23T17:52:05+01:00;0;0;0;null;null;0;null
132;2020-11-23T17:52:06+01:00;0;0;0;null;null;0;null
133;2020-11-23T17:52:07+01:00;0;0;0;null;null;0;null
134;2020-11-23T17:52:08+01:00;0;0;0;null;null;0;null
135;2020-11-23T17:52:09+01:00;0;0;0;null;null;0;null
136;2020-11-23T17:52:10+01:00;0;0;0;null;null;0;null
137;2020-11-23T17:52:11+01:00;0;0;0;null;null;0;null
138;2020-11-23T17:52:12+01:00;0;0;0;null;null;null;null
139;2020-11-23T17:52:13+01:00;0;0;0;null;null;0;null
140;2020-11-23T17:52:14+01:00;0.001856;0;0;null;null;0;null
141;2020-11-23T17:52:15+01:00;null;null;null;null;null;0;null
142;2020-11-23T17:52:16+01:00;0.001856;0;0;null;null;0;null
143;2020-11-23T17:52:17+01:00;null;null;0;null;null;0;null
144;2020-11-23T17:52:18+01:00;0.016448;0;0;null;null;0;null
145;2020-11-23T17:52:19+01:00;0.006719999999999999;0;0;null;null;0;null
146;2020-11-23T17:52:20+01:00;null;null;0;null;null;0;null
147;2020-11-23T17:52:21+01:00;0.011583999999999999;0;0;null;null;0;null
148;2020-11-23T17:52:22+01:00;0.011583999999999999;0;0;null;null;0;null
149;2020-11-23T17:52:23+01:00;0.011583999999999999;0;0;null;null;0;null
150;2020-11-23T17:52:24+01:00;null;null;null;null;null;0;null
151;2020-11-23T17:52:25+01:00;0.011583999999999999;0;0;null;null;0;null
152;2020-11-23T17:52:26+01:00;null;null;0;null;null;0;null
153;2020-11-23T17:52:27+01:00;0.011583999999999999;0;0;null;null;0;null
154;2020-11-23T17:52:28+01:00;0.011583999999999999;0;null;null;null;0;null
155;2020-11-23T17:52:29+01:00;null;null;0;null;null;0;null
156;2020-11-23T17:52:30+01:00;0.011583999999999999;0;0;null;null;0;null
157;2020-11-23T17:52:31+01:00;0.011583999999999999;0;0;null;null;0;null
158;2020-11-23T17:52:32+01:00;0.004864;0;0;null;null;0;null
159;2020-11-23T17:52:33+01:00;0;0;0;null;null;0;null
160;2020-11-23T17:52:34+01:00;0;0;0;null;null;0;null
161;2020-11-23T17:52:35+01:00;0;0;null;null;null;null;null
162;2020-11-23T17:52:36+01:00;0;0;0;null;null;0;null
163;2020-11-23T17:52:37+01:00;null;null;null;null;null;null;null
164;2020-11-23T17:52:38+01:00;null;null;null;null;null;null;null
165;2020-11-23T17:52:39+01:00;0;0;0;null;null;0;null
166;2020-11-23T17:52:40+01:00;0;0;0;null;null;0;null
167;2020-11-23T17:52:41+01:00;0;0;null;null;null;null;null
168;2020-11-23T17:52:42+01:00;0;0;0;null;null;0;null
169;2020-11-23T17:52:43+01:00;0;0;0;null;null;0;null
170;2020-11-23T17:52:44+01:00;0;0;0;null;null;0;null
171;2020-11-23T17:52:45+01:00;0;0;0;null;null;0;null
172;2020-11-23T17:52:46+01:00;0;0;0;null;null;0;null
173;2020-11-23T17:52:47+01:00;0;0;0;null;null;0;null
174;2020-11-23T17:52:48+01:00;0;0;0;null;null;0;null
175;2020-11-23T17:52:49+01:00;0;0;0;null;null;0;null
176;2020-11-23T17:52:50+01:00;0;0;0;null;null;0;null
177;2020-11-23T17:52:51+01:00;0;0;null;null;null;null;null
178;2020-11-23T17:52:52+01:00;0;0;0;null;null;0;null
179;2020-11-23T17:52:53+01:00;0;0;0;null;null;0;null
180;2020-11-23T17:52:54+01:00;0;0;0;null;null;0;null
181;2020-11-23T17:52:55+01:00;0;0;0;null;null;0;null
182;2020-11-23T17:52:56+01:00;0;0;0;null;null;0;null
183;2020-11-23T17:52:57+01:00;0;0;0;null;null;0;null
184;2020-11-23T17:52:58+01:00;0;0;0;null;null;0;null
185;2020-11-23T17:52:59+01:00;0;0;0;null;null;0;null
186;2020-11-23T17:53:00+01:00;0;0;0;null;null;0;null
187;2020-11-23T17:53:01+01:00;0;0;0;null;null;0;null
188;2020-11-23T17:53:02+01:00;0;0;0;null;null;0;null
189;2020-11-23T17:53:03+01:00;0;0;0;null;null;0;null
190;2020-11-23T17:53:04+01:00;0;0;0;null;null;0;null
191;2020-11-23T17:53:05+01:00;0;0;0;null;null;0;null
192;2020-11-23T17:53:06+01:00;0;0;0;null;null;0;null
193;2020-11-23T17:53:07+01:00;0;0;0;null;null;0;null
194;2020-11-23T17:53:08+01:00;0;0;0;null;null;0;null
195;2020-11-23T17:53:09+01:00;0;0;0;null;null;0;null
196;2020-11-23T17:53:10+01:00;0;0;0;null;null;0;null
197;2020-11-23T17:53:11+01:00;0;0;0;null;null;0;null
198;2020-11-23T17:53:12+01:00;0;0;0;null;null;null;null
199;2020-11-23T17:53:13+01:00;0;0;0;null;null;0;null
200;2020-11-23T17:53:14+01:00;0;0;0;null;null;0;null
201;2020-11-23T17:53:15+01:00;0;0;0;null;null;0;null
202;2020-11-23T17:53:16+01:00;0;0;0;null;null;0;null
203;2020-11-23T17:53:17+01:00;0;0;0;null;null;0;null
204;2020-11-23T17:53:18+01:00;0;0;null;null;null;null;null
205;2020-11-23T17:53:19+01:00;0;0;0;null;null;0;null
206;2020-11-23T17:53:20+01:00;0;0;null;null;null;null;null
207;2020-11-23T17:53:21+01:00;0;0;0;null;null;0;null
208;2020-11-23T17:53:22+01:00;0;0;0;null;null;0;null
209;2020-11-23T17:53:23+01:00;0;null;null;null;null;null;null
210;2020-11-23T17:53:24+01:00;0;0;0;null;null;0;null
211;2020-11-23T17:53:25+01:00;0;0;0;null;null;0;null
212;2020-11-23T17:53:26+01:00;0;0;0;null;null;0;null
213;2020-11-23T17:53:27+01:00;0;0;0;null;null;0;null
214;2020-11-23T17:53:28+01:00;0;0;0;null;null;0;null
215;2020-11-23T17:53:29+01:00;0;0;0;null;null;0;null
216;2020-11-23T17:53:30+01:00;0;0;0;null;null;0;null
217;2020-11-23T17:53:31+01:00;0;0;0;null;null;0;null
218;2020-11-23T17:53:32+01:00;0;0;0;null;null;0;null
219;2020-11-23T17:53:33+01:00;0;0;0;null;null;0;null
220;2020-11-23T17:53:34+01:00;0;0;0;null;null;0;null
221;2020-11-23T17:53:35+01:00;0;0;0;null;null;0;null
222;2020-11-23T17:53:36+01:00;0;0;0;null;null;0;null
223;2020-11-23T17:53:37+01:00;0;0;0;null;null;0;null
224;2020-11-23T17:53:38+01:00;0;0;0;null;null;0;null
225;2020-11-23T17:53:39+01:00;0;0;0;null;null;0;null
226;2020-11-23T17:53:40+01:00;0;0;0;null;null;0;null
227;2020-11-23T17:53:41+01:00;0;0;0;null;null;0;null
228;2020-11-23T17:53:42+01:00;0;0;0;null;null;0;null
229;2020-11-23T17:53:43+01:00;0;0;0;null;null;0;null
230;2020-11-23T17:53:44+01:00;0;0;0;null;null;0;null
231;2020-11-23T17:53:45+01:00;0;0;0;null;null;0;null
232;2020-11-23T17:53:46+01:00;0;0;0;null;null;0;null
233;2020-11-23T17:53:47+01:00;0;0;0;null;null;0;null
234;2020-11-23T17:53:48+01:00;0;0;0;null;null;0;null
235;2020-11-23T17:53:49+01:00;0;0;0;null;null;0;null
236;2020-11-23T17:53:50+01:00;0;0;0;null;0;0;0
237;2020-11-23T17:53:51+01:00;0;0;0;null;0;0;0
238;2020-11-23T17:53:52+01:00;0;0;0;null;0.9365760000000001;0;0
239;2020-11-23T17:53:53+01:00;null;null;null;null;null;null;null
240;2020-11-23T17:53:54+01:00;0.001856;0;0;null;5.810239999999999;0;6.9115839999999995
241;2020-11-23T17:53:55+01:00;0.00248;0;0;null;null;0;5.879616
242;2020-11-23T17:53:56+01:00;0.006719999999999999;0;0;null;4.743584;0;5.8362560000000006
243;2020-11-23T17:53:57+01:00;0.006719999999999999;0;0;null;4.804288;0;6.625408
244;2020-11-23T17:53:58+01:00;0.006719999999999999;0;0;null;4.483424;0;6.148448
245;2020-11-23T17:53:59+01:00;0.006719999999999999;0;0;null;4.46608;0;6.1744639999999995
246;2020-11-23T17:54:00+01:00;0.006719999999999999;0;null;null;null;null;null
247;2020-11-23T17:54:01+01:00;null;null;0;null;4.873664;0;6.694783999999999
248;2020-11-23T17:54:02+01:00;0.006719999999999999;0;0;null;4.7349120000000005;0;6.3218879999999995
249;2020-11-23T17:54:03+01:00;0.006719999999999999;0;0;null;5.099136000000001;0;5.706176
250;2020-11-23T17:54:04+01:00;0.006719999999999999;0;0;null;null;0;null
251;2020-11-23T17:54:05+01:00;0.006719999999999999;null;null;null;5.3592960000000005;null;6.217823999999999
252;2020-11-23T17:54:06+01:00;0.006719999999999999;0;0;null;5.2032;0;6.009696
253;2020-11-23T17:54:07+01:00;0.006719999999999999;0;0;null;5.333279999999999;0;5.931648
254;2020-11-23T17:54:08+01:00;0.006719999999999999;0;0;null;5.142496;0;5.740863999999999
255;2020-11-23T17:54:09+01:00;0.006719999999999999;0;0;null;4.977728;0;5.55008
256;2020-11-23T17:54:10+01:00;0.006719999999999999;0;0;null;null;0;null
257;2020-11-23T17:54:11+01:00;0.006719999999999999;0;0;null;null;0;null
258;2020-11-23T17:54:12+01:00;0;0;0;null;null;0;null
259;2020-11-23T17:54:13+01:00;0;0;0;null;null;0;null
260;2020-11-23T17:54:14+01:00;0;0;0;null;null;0;null
261;2020-11-23T17:54:15+01:00;0;0;0;null;null;0;null
262;2020-11-23T17:54:16+01:00;0;0;0;null;null;0;null
263;2020-11-23T17:54:17+01:00;0;0;0;null;null;0;null
264;2020-11-23T17:54:18+01:00;0;0;0;null;null;0;null
265;2020-11-23T17:54:19+01:00;0;0;0;null;null;0;null
266;2020-11-23T17:54:20+01:00;0;0;0;null;null;0;null
267;2020-11-23T17:54:21+01:00;0;0;0;null;null;0;null
268;2020-11-23T17:54:22+01:00;0;0;0;null;null;0;null
269;2020-11-23T17:54:23+01:00;0;0;0;null;null;0;null
270;2020-11-23T17:54:24+01:00;null;null;null;null;null;null;null
271;2020-11-23T17:54:25+01:00;0;0;0;null;null;0;null
272;2020-11-23T17:54:26+01:00;0;0;0;null;null;0;null
273;2020-11-23T17:54:27+01:00;0;0;0;null;null;0;null
274;2020-11-23T17:54:28+01:00;0;0;0;null;null;0;null
275;2020-11-23T17:54:29+01:00;0;0;0;null;null;0;null
276;2020-11-23T17:54:30+01:00;0;0;0;null;null;0;null
277;2020-11-23T17:54:31+01:00;0;0;0;null;null;0;null
278;2020-11-23T17:54:32+01:00;0;0;0;null;null;0;null
279;2020-11-23T17:54:33+01:00;0;0;0;null;null;0;null
280;2020-11-23T17:54:34+01:00;0;0;0;null;null;0;null
281;2020-11-23T17:54:35+01:00;0;0;0;null;null;0;null
282;2020-11-23T17:54:36+01:00;0;0;0;null;null;0;null
283;2020-11-23T17:54:37+01:00;0;0;0;null;null;0;null
284;2020-11-23T17:54:38+01:00;0;0;0;null;null;0;null
285;2020-11-23T17:54:39+01:00;null;null;null;null;null;null;null
286;2020-11-23T17:54:40+01:00;0;0;0;null;null;0;null
287;2020-11-23T17:54:41+01:00;0;0;0;null;null;0;null
288;2020-11-23T17:54:42+01:00;0;0;0;null;null;0;null
289;2020-11-23T17:54:43+01:00;0;0;0;null;null;0;null
290;2020-11-23T17:54:44+01:00;0;0;0;null;null;0;null
291;2020-11-23T17:54:45+01:00;0;0;0;null;null;0;null
292;2020-11-23T17:54:46+01:00;0;0;0;null;null;0;null
293;2020-11-23T17:54:47+01:00;0;0;0;null;null;0;null
294;2020-11-23T17:54:48+01:00;0;0;0;null;null;0;null
295;2020-11-23T17:54:49+01:00;0;0;0;null;null;0;null
296;2020-11-23T17:54:50+01:00;0;0;0;null;null;0;null
297;2020-11-23T17:54:51+01:00;0;0;0;null;0;0;0
298;2020-11-23T17:54:52+01:00;null;null;null;null;null;null;null
299;2020-11-23T17:54:53+01:00;0.000928;0;0;null;0;0;0.893216
300;2020-11-23T17:54:54+01:00;null;null;null;null;null;null;null
301;2020-11-23T17:54:55+01:00;0.002784;0;0;null;1.508928;0;6.018368000000001
302;2020-11-23T17:54:56+01:00;0.000928;0;0;null;2.08128;0;1.04064
303;2020-11-23T17:54:57+01:00;0.002784;0;0;null;1.8731520000000002;0;0.9365760000000001
304;2020-11-23T17:54:58+01:00;0.001552;0;0;null;2.34144;null;1.188064
305;2020-11-23T17:54:59+01:00;0.001856;0;0;null;1.855808;0;0.901888
306;2020-11-23T17:55:00+01:00;null;null;null;null;null;null;null
307;2020-11-23T17:55:01+01:00;0.002784;0;0;null;2.0726080000000002;0;1.014624
308;2020-11-23T17:55:02+01:00;0.001856;0;0;null;2.150656;0;1.084
309;2020-11-23T17:55:03+01:00;0.000928;0;0;null;2.141984;0;1.0579839999999998
310;2020-11-23T17:55:04+01:00;0.002784;0;null;null;1.90784;0;0.95392
311;2020-11-23T17:55:05+01:00;null;null;0;null;2.393472;0;1.179392
312;2020-11-23T17:55:06+01:00;0.000928;0;0;null;2.141984;0;1.066656
313;2020-11-23T17:55:07+01:00;0.004032;0;0;null;1.916512;null;0.95392
314;2020-11-23T17:55:08+01:00;0.004864;0;null;null;2.462848;0;1.222752
315;2020-11-23T17:55:09+01:00;0.031968;0;0;null;1.6736959999999999;0;0.815168
316;2020-11-23T17:55:10+01:00;0.006719999999999999;0;0;null;null;0;null
317;2020-11-23T17:55:11+01:00;0.006719999999999999;0;0;null;null;0;null
318;2020-11-23T17:55:12+01:00;0.005791999999999999;0;0;null;null;0;null
319;2020-11-23T17:55:13+01:00;0;0;0;null;null;0;null
320;2020-11-23T17:55:14+01:00;0;0;0;null;null;0;null
321;2020-11-23T17:55:15+01:00;0;0;0;null;null;0;null
322;2020-11-23T17:55:16+01:00;0;0;0;null;null;0;null
323;2020-11-23T17:55:17+01:00;0;0;0;null;null;0;null
324;2020-11-23T17:55:18+01:00;0;0;0;null;null;0;null
325;2020-11-23T17:55:19+01:00;0;0;0;null;null;0;null
326;2020-11-23T17:55:20+01:00;0;0;0;null;null;0;null
327;2020-11-23T17:55:21+01:00;0;0;0;null;null;0;null
328;2020-11-23T17:55:22+01:00;0;0;0;null;null;0;null
329;2020-11-23T17:55:23+01:00;0;0;0;null;null;0;null
330;2020-11-23T17:55:24+01:00;0;0;0;null;null;0;null
331;2020-11-23T17:55:25+01:00;0;0;0;null;null;0;null
332;2020-11-23T17:55:26+01:00;0;0;0;null;null;0;null
333;2020-11-23T17:55:27+01:00;0;0;0;null;null;0;null
334;2020-11-23T17:55:28+01:00;0;0;0;null;null;0;null
335;2020-11-23T17:55:29+01:00;0;0;0;null;null;0;null
336;2020-11-23T17:55:30+01:00;0;0;0;null;null;0;null
337;2020-11-23T17:55:31+01:00;0;0;0;null;null;0;null
338;2020-11-23T17:55:32+01:00;0;0;0;null;null;0;null
339;2020-11-23T17:55:33+01:00;0;0;0;null;null;0;null
340;2020-11-23T17:55:34+01:00;0;0;0;null;null;0;null
341;2020-11-23T17:55:35+01:00;0;0;0;null;null;0;null
342;2020-11-23T17:55:36+01:00;0;0;0;null;null;0;null
343;2020-11-23T17:55:37+01:00;0;0;0;null;null;0;null
344;2020-11-23T17:55:38+01:00;0;0;0;null;null;0;null
345;2020-11-23T17:55:39+01:00;0;0;0;null;null;0;null
346;2020-11-23T17:55:40+01:00;0;0;0;null;null;0;null
347;2020-11-23T17:55:41+01:00;0;0;0;null;null;0;null
348;2020-11-23T17:55:42+01:00;0;0;0;null;null;0;null
349;2020-11-23T17:55:43+01:00;0;0;0;null;null;0;null
350;2020-11-23T17:55:44+01:00;0;0;0;null;null;0;null
351;2020-11-23T17:55:45+01:00;0;0;0;null;null;0;null
352;2020-11-23T17:55:46+01:00;0;0;0;null;null;0;null
353;2020-11-23T17:55:47+01:00;0;0;0;null;null;0;null
354;2020-11-23T17:55:48+01:00;0;0;0;null;null;0;null
355;2020-11-23T17:55:49+01:00;0;0;0;null;null;0;null
356;2020-11-23T17:55:50+01:00;0;0;0;null;null;0;null
357;2020-11-23T17:55:51+01:00;0;0;0;null;null;0;null
358;2020-11-23T17:55:52+01:00;0;0;0;null;null;0;null
359;2020-11-23T17:55:53+01:00;0;0;0;null;null;0;null
360;2020-11-23T17:55:54+01:00;0;0;0;null;null;0;null
361;2020-11-23T17:55:55+01:00;0;0;0;null;null;0;null
362;2020-11-23T17:55:56+01:00;0;0;0;null;null;0;null
363;2020-11-23T17:55:57+01:00;0;0;0;null;null;0;null
364;2020-11-23T17:55:58+01:00;0;0;0;null;null;0;null
365;2020-11-23T17:55:59+01:00;0;0;0;null;null;0;null
366;2020-11-23T17:56:00+01:00;0;0;0;null;null;0;null
367;2020-11-23T17:56:01+01:00;0;0;0;null;null;0;null
368;2020-11-23T17:56:02+01:00;0;0;0;null;null;0;null
369;2020-11-23T17:56:03+01:00;0;0;0;null;null;0;null
370;2020-11-23T17:56:04+01:00;0;0;0;null;null;0;null
371;2020-11-23T17:56:05+01:00;0;0;0;null;null;0;null
372;2020-11-23T17:56:06+01:00;0;0;0;null;null;0;null
373;2020-11-23T17:56:07+01:00;0.004864;0;0;null;null;0;null
374;2020-11-23T17:56:08+01:00;0.004864;0;0;null;null;0;null
375;2020-11-23T17:56:09+01:00;0.004864;0;0;null;null;0;null
376;2020-11-23T17:56:10+01:00;0.004864;0;0;null;0;0;0
377;2020-11-23T17:56:11+01:00;0.006112;0;0;null;0;0;0
378;2020-11-23T17:56:12+01:00;0.004864;0;0;null;null;0;null
379;2020-11-23T17:56:13+01:00;0.005791999999999999;0;0;null;7.215104;0;0.502976
380;2020-11-23T17:56:14+01:00;0.006719999999999999;0;0;null;null;0;null
381;2020-11-23T17:56:15+01:00;0.006719999999999999;0;null;null;7.492608000000001;null;5.07312
382;2020-11-23T17:56:16+01:00;0.006719999999999999;0;0;null;5.6541440000000005;0;6.5386880000000005
383;2020-11-23T17:56:17+01:00;0.006719999999999999;0;0;null;5.021088;0;5.818912
384;2020-11-23T17:56:18+01:00;null;null;null;null;5.402656;null;null
385;2020-11-23T17:56:19+01:00;0.011583999999999999;0;0;null;5.446015999999999;0;6.2438400000000005
386;2020-11-23T17:56:20+01:00;0.006719999999999999;0;0;null;4.68288;0;5.489376
387;2020-11-23T17:56:21+01:00;0.016448;0;0;null;5.4720320000000005;0;6.313216000000001
388;2020-11-23T17:56:22+01:00;0.011583999999999999;0;0;null;5.099136000000001;0;5.905632
389;2020-11-23T17:56:23+01:00;0.012208;0;0;null;4.856319999999999;0;5.6194560000000005
390;2020-11-23T17:56:24+01:00;null;null;null;null;4.847648;0;5.610784
391;2020-11-23T17:56:25+01:00;0.011583999999999999;0;0;null;4.7696000000000005;0;5.532736
392;2020-11-23T17:56:26+01:00;null;null;null;null;4.240608;0;4.8823360000000005
393;2020-11-23T17:56:27+01:00;0.016448;0;0;null;4.240608;0;5.055776
394;2020-11-23T17:56:28+01:00;null;null;null;null;null;null;null
395;2020-11-23T17:56:29+01:00;0.016448;0;0;null;4.743584;0;4.856319999999999
396;2020-11-23T17:56:30+01:00;0.023184;null;null;null;null;null;null
397;2020-11-23T17:56:31+01:00;0.011583999999999999;0;0;null;null;0;null
398;2020-11-23T17:56:32+01:00;0.004864;0;0;null;null;null;null
399;2020-11-23T17:56:33+01:00;0;0;0;null;null;0;null
400;2020-11-23T17:56:34+01:00;0;0;0;null;null;0;null
401;2020-11-23T17:56:35+01:00;0;0;0;null;null;0;null
402;2020-11-23T17:56:36+01:00;0;0;0;null;null;0;null
403;2020-11-23T17:56:37+01:00;0;0;0;null;null;0;null
404;2020-11-23T17:56:38+01:00;0;0;0;null;null;0;null
405;2020-11-23T17:56:39+01:00;0;0;0;null;null;0;null
406;2020-11-23T17:56:40+01:00;0;0;0;null;null;0;null
407;2020-11-23T17:56:41+01:00;0;0;0;null;null;0;null
408;2020-11-23T17:56:42+01:00;0;0;0;null;null;0;null
409;2020-11-23T17:56:43+01:00;0;0;0;null;null;0;null
410;2020-11-23T17:56:44+01:00;0;0;0;null;null;0;null
411;2020-11-23T17:56:45+01:00;0;0;0;null;null;0;null
412;2020-11-23T17:56:46+01:00;0;0;0;null;null;0;null
413;2020-11-23T17:56:47+01:00;0;0;0;null;null;0;null
414;2020-11-23T17:56:48+01:00;0;0;0;null;null;0;null
415;2020-11-23T17:56:49+01:00;0;0;0;null;null;0;null
416;2020-11-23T17:56:50+01:00;0;0;0;null;null;0;null
417;2020-11-23T17:56:51+01:00;0;0;0;null;null;0;null
418;2020-11-23T17:56:52+01:00;0;0;0;null;null;0;null
419;2020-11-23T17:56:53+01:00;0;0;0;null;null;0;null
420;2020-11-23T17:56:54+01:00;0;0;0;null;null;0;null
421;2020-11-23T17:56:55+01:00;0;0;0;null;null;0;null
422;2020-11-23T17:56:56+01:00;0;0;0;null;null;0;null
423;2020-11-23T17:56:57+01:00;0;0;0;null;null;0;null
424;2020-11-23T17:56:58+01:00;0;0;0;null;null;0;null
425;2020-11-23T17:56:59+01:00;0;0;0;null;null;0;null
426;2020-11-23T17:57:00+01:00;0;0;0;null;null;0;null
427;2020-11-23T17:57:01+01:00;0;0;0;null;null;0;null
428;2020-11-23T17:57:02+01:00;0;0;0;null;null;0;null
429;2020-11-23T17:57:03+01:00;0;0;0;null;null;0;null
430;2020-11-23T17:57:04+01:00;null;null;null;null;null;null;null
431;2020-11-23T17:57:05+01:00;0;0;0;null;null;0;null
432;2020-11-23T17:57:06+01:00;0;0;0;null;null;0;null
433;2020-11-23T17:57:07+01:00;0;0;0;null;null;0;null
434;2020-11-23T17:57:08+01:00;0;0;0;null;null;0;null
435;2020-11-23T17:57:09+01:00;0;0;0;null;null;0;null
436;2020-11-23T17:57:10+01:00;0;0;0;null;0;0;0
437;2020-11-23T17:57:11+01:00;0;0;0;null;0;0;0
438;2020-11-23T17:57:12+01:00;0;0;0;null;null;null;null
439;2020-11-23T17:57:13+01:00;0;0;0;null;0;0;0.9365760000000001
440;2020-11-23T17:57:14+01:00;0.001856;0;0;null;7.1544;0;5.870944000000001
441;2020-11-23T17:57:15+01:00;0.001856;0;0;null;null;null;null
442;2020-11-23T17:57:16+01:00;0.001856;0;0;null;5.792896;0;6.6861120000000005
443;2020-11-23T17:57:17+01:00;0.00248;0;0;null;null;0;null
444;2020-11-23T17:57:18+01:00;null;null;null;null;6.009696;null;6.946272
445;2020-11-23T17:57:19+01:00;0.001856;0;0;null;5.975008;0;6.885568
446;2020-11-23T17:57:20+01:00;0.001856;0;0;null;null;null;null
447;2020-11-23T17:57:21+01:00;0.001856;0;0;null;6.122432;0;7.119712000000001
448;2020-11-23T17:57:22+01:00;0.001856;0;0;null;5.714848;null;6.599392
449;2020-11-23T17:57:23+01:00;0.001856;0;0;null;5.9923519999999995;0;6.946272
450;2020-11-23T17:57:24+01:00;null;null;null;null;6.009696;0;6.920256
451;2020-11-23T17:57:25+01:00;0.006719999999999999;0;0;null;5.9923519999999995;0;6.928928
452;2020-11-23T17:57:26+01:00;null;null;null;null;5.446015999999999;0;6.33056
453;2020-11-23T17:57:27+01:00;0.011583999999999999;0;0;null;4.925696;0;5.714848
454;2020-11-23T17:57:28+01:00;null;null;null;null;null;null;null
455;2020-11-23T17:57:29+01:00;0.011583999999999999;0;0;null;4.59616;0;5.298591999999999
456;2020-11-23T17:57:30+01:00;0.012208;0;0;null;null;0;null
457;2020-11-23T17:57:31+01:00;0.012208;0;0;null;null;0;null
458;2020-11-23T17:57:32+01:00;0.005791999999999999;0;0;null;null;0;null
459;2020-11-23T17:57:33+01:00;0;0;0;null;null;0;null
460;2020-11-23T17:57:34+01:00;0;0;0;null;null;0;null
461;2020-11-23T17:57:35+01:00;0;0;0;null;null;0;null
462;2020-11-23T17:57:36+01:00;0;0;0;null;null;0;null
463;2020-11-23T17:57:37+01:00;0;0;0;null;null;0;null
464;2020-11-23T17:57:38+01:00;0;0;0;null;null;0;null
465;2020-11-23T17:57:39+01:00;0;0;0;null;null;0;null
466;2020-11-23T17:57:40+01:00;0;0;0;null;null;0;null
467;2020-11-23T17:57:41+01:00;0;0;0;null;null;0;null
468;2020-11-23T17:57:42+01:00;0;0;0;null;null;0;null
469;2020-11-23T17:57:43+01:00;0;0;0;null;null;0;null
470;2020-11-23T17:57:44+01:00;0;0;0;null;null;0;null
471;2020-11-23T17:57:45+01:00;0;0;0;null;null;0;null
472;2020-11-23T17:57:46+01:00;0;0;0;null;null;null;null
473;2020-11-23T17:57:47+01:00;0;0;0;null;null;0;null
474;2020-11-23T17:57:48+01:00;0;0;0;null;null;0;null
475;2020-11-23T17:57:49+01:00;0;0;0;null;null;0;null
476;2020-11-23T17:57:50+01:00;0;0;0;null;null;0;null
477;2020-11-23T17:57:51+01:00;0;0;0;null;null;0;null
478;2020-11-23T17:57:52+01:00;0;0;0;null;null;0;null
479;2020-11-23T17:57:53+01:00;0;0;0;null;null;0;null
480;2020-11-23T17:57:54+01:00;0;0;0;null;null;0;null
481;2020-11-23T17:57:55+01:00;0;0;0;null;null;0;null
482;2020-11-23T17:57:56+01:00;0;0;0;null;null;0;null
483;2020-11-23T17:57:57+01:00;0;0;0;null;null;0;null
484;2020-11-23T17:57:58+01:00;0;0;0;null;null;0;null
485;2020-11-23T17:57:59+01:00;0;0;0;null;null;0;null
486;2020-11-23T17:58:00+01:00;0;0;0;null;null;0;null
487;2020-11-23T17:58:01+01:00;0;0;0;null;null;0;null
488;2020-11-23T17:58:02+01:00;0;0;0;null;null;0;null
489;2020-11-23T17:58:03+01:00;0;0;0;null;null;0;null
490;2020-11-23T17:58:04+01:00;0;0;0;null;null;0;null
491;2020-11-23T17:58:05+01:00;0;0;0;null;null;0;null
492;2020-11-23T17:58:06+01:00;0;0;0;null;null;0;null
493;2020-11-23T17:58:07+01:00;0;0;0;null;null;0;null
494;2020-11-23T17:58:08+01:00;0;0;0;null;null;0;null
495;2020-11-23T17:58:09+01:00;0;0;0;null;null;0;null
496;2020-11-23T17:58:10+01:00;0;0;0;null;0;0;0
497;2020-11-23T17:58:11+01:00;0;0;0;null;0;0;0
498;2020-11-23T17:58:12+01:00;0;0;0;null;null;null;null
499;2020-11-23T17:58:13+01:00;0.000928;0;null;null;0;0;2.3674560000000002
500;2020-11-23T17:58:14+01:00;0.001856;0;0;null;2.020576;0;12.045408
501;2020-11-23T17:58:15+01:00;null;null;null;null;5.628127999999999;0;7.752768
502;2020-11-23T17:58:16+01:00;0.001856;0;0;null;6.252511999999999;0;8.19504
503;2020-11-23T17:58:17+01:00;0.001856;0;0;null;null;null;null
504;2020-11-23T17:58:18+01:00;0.00248;0;0;null;6.261184;0;7.284479999999999
505;2020-11-23T17:58:19+01:00;0.001856;0;0;null;5.8449279999999995;0;6.5733760000000006
506;2020-11-23T17:58:20+01:00;null;null;null;null;null;null;null
507;2020-11-23T17:58:21+01:00;0.001856;0;0;null;6.4346239999999995;0;7.449248
508;2020-11-23T17:58:22+01:00;0.00248;0;0;null;5.9923519999999995;0;6.963616
509;2020-11-23T17:58:23+01:00;0.001856;0;0;null;5.740863999999999;0;6.608064000000001
510;2020-11-23T17:58:24+01:00;null;null;null;null;5.9143040000000004;0;6.842207999999999
511;2020-11-23T17:58:25+01:00;0.006719999999999999;0;0;null;5.8449279999999995;0;6.772832
512;2020-11-23T17:58:26+01:00;null;null;null;null;5.827584;0;6.772832
513;2020-11-23T17:58:27+01:00;0.011583999999999999;0;0;null;4.778272;0;5.498048
514;2020-11-23T17:58:28+01:00;0.016448;0;0;null;5.237888;0;6.261184
515;2020-11-23T17:58:29+01:00;0.011583999999999999;0;0;null;5.090464;0;5.89696
516;2020-11-23T17:58:30+01:00;0.012832000000000001;0;0;null;null;0;null
517;2020-11-23T17:58:31+01:00;0.012208;0;0;null;null;0;null
518;2020-11-23T17:58:32+01:00;0.004864;0;0;null;null;0;null
519;2020-11-23T17:58:33+01:00;0;0;0;null;null;0;null
520;2020-11-23T17:58:34+01:00;0;0;0;null;null;0;null
521;2020-11-23T17:58:35+01:00;0;0;0;null;null;0;null
522;2020-11-23T17:58:36+01:00;0;0;0;null;null;0;null
523;2020-11-23T17:58:37+01:00;0;0;0;null;null;0;null
524;2020-11-23T17:58:38+01:00;0;0;0;null;null;0;null
525;2020-11-23T17:58:39+01:00;0;0;0;null;null;0;null
526;2020-11-23T17:58:40+01:00;0;0;0;null;null;0;null
527;2020-11-23T17:58:41+01:00;0;0;0;null;null;0;null
528;2020-11-23T17:58:42+01:00;0;0;0;null;null;0;null
529;2020-11-23T17:58:43+01:00;0;0;0;null;null;0;null
530;2020-11-23T17:58:44+01:00;0;0;0;null;null;0;null
531;2020-11-23T17:58:45+01:00;0;0;0;null;null;0;null
532;2020-11-23T17:58:46+01:00;0;0;0;null;null;0;null
533;2020-11-23T17:58:47+01:00;0;0;0;null;null;0;null
534;2020-11-23T17:58:48+01:00;0;0;0;null;null;0;null
535;2020-11-23T17:58:49+01:00;0;0;0;null;null;0;null
536;2020-11-23T17:58:50+01:00;0;0;null;null;null;null;null
537;2020-11-23T17:58:51+01:00;0;0;0;null;null;0;null
538;2020-11-23T17:58:52+01:00;0;0;0;null;null;0;null
539;2020-11-23T17:58:53+01:00;0;0;0;null;null;0;null
540;2020-11-23T17:58:54+01:00;0;0;0;null;null;0;null
541;2020-11-23T17:58:55+01:00;0;0;0;null;null;0;null
542;2020-11-23T17:58:56+01:00;0;0;0;null;null;0;null
543;2020-11-23T17:58:57+01:00;0;0;0;null;null;0;null
544;2020-11-23T17:58:58+01:00;0;0;0;null;null;0;null
545;2020-11-23T17:58:59+01:00;0;0;0;null;null;0;null
546;2020-11-23T17:59:00+01:00;0;0;0;null;null;0;null
547;2020-11-23T17:59:01+01:00;0;0;0;null;null;0;null
548;2020-11-23T17:59:02+01:00;0;0;0;null;null;0;null
549;2020-11-23T17:59:03+01:00;0;0;0;null;null;0;null
550;2020-11-23T17:59:04+01:00;0;0;0;null;null;0;null
551;2020-11-23T17:59:05+01:00;0;0;0;null;null;0;null
552;2020-11-23T17:59:06+01:00;0;0;0;null;null;0;null
553;2020-11-23T17:59:07+01:00;0;0;0;null;null;0;null
554;2020-11-23T17:59:08+01:00;0;0;0;null;null;0;null
555;2020-11-23T17:59:09+01:00;0;0;0;null;null;0;null
556;2020-11-23T17:59:10+01:00;0;0;0;null;0;0;null
557;2020-11-23T17:59:11+01:00;0;0;0;null;0;0;null
558;2020-11-23T17:59:12+01:00;0;0;0;null;null;0;null
559;2020-11-23T17:59:13+01:00;0.005791999999999999;0;0;null;1.318144;0;null
560;2020-11-23T17:59:14+01:00;0.005791999999999999;0;0;null;7.32784;0;null
561;2020-11-23T17:59:15+01:00;0.005791999999999999;null;null;null;13.077376000000001;null;null
562;2020-11-23T17:59:16+01:00;0.005791999999999999;0;0;null;11.620479999999999;0;null
563;2020-11-23T17:59:17+01:00;0.005791999999999999;0;0;null;9.313728;0;null
564;2020-11-23T17:59:18+01:00;null;null;null;null;10.657888000000002;null;null
565;2020-11-23T17:59:19+01:00;0.005791999999999999;0;0;null;9.23568;0;null
566;2020-11-23T17:59:20+01:00;0.010656;0;null;null;9.677952;null;null
567;2020-11-23T17:59:21+01:00;0.010656;0;0;null;10.631872;0;null
568;2020-11-23T17:59:22+01:00;0.01128;0;0;null;null;null;null
569;2020-11-23T17:59:23+01:00;0.010656;0;0;null;8.489888;0;null
570;2020-11-23T17:59:24+01:00;0.010656;0;0;null;5.168512;0;null
571;2020-11-23T17:59:25+01:00;0.042864;0;0;null;5.168512;0;null
572;2020-11-23T17:59:26+01:00;null;null;null;null;null;null;null
573;2020-11-23T17:59:27+01:00;0.018416000000000002;0;0;null;6.460640000000001;0;null
574;2020-11-23T17:59:28+01:00;0.015519999999999999;0;0;null;5.099136000000001;0;null
575;2020-11-23T17:59:29+01:00;0.015519999999999999;0;0;null;5.446015999999999;0;null
576;2020-11-23T17:59:30+01:00;0.016144;0;0;null;null;0;null
577;2020-11-23T17:59:31+01:00;0.015519999999999999;0;0;null;null;0;null
578;2020-11-23T17:59:32+01:00;0.004864;0;0;null;null;0;null
579;2020-11-23T17:59:33+01:00;0;0;0;null;null;0;null
580;2020-11-23T17:59:34+01:00;0;0;0;null;null;0;null
581;2020-11-23T17:59:35+01:00;0;0;0;null;null;0;null
582;2020-11-23T17:59:36+01:00;0;0;0;null;null;0;null
583;2020-11-23T17:59:37+01:00;0;0;0;null;null;0;null
584;2020-11-23T17:59:38+01:00;0;0;0;null;null;0;null
585;2020-11-23T17:59:39+01:00;0;0;0;null;null;0;null
586;2020-11-23T17:59:40+01:00;0;0;0;null;null;0;null
587;2020-11-23T17:59:41+01:00;0;0;0;null;null;0;null
588;2020-11-23T17:59:42+01:00;0;0;0;null;null;0;null
589;2020-11-23T17:59:43+01:00;0;0;0;null;null;0;null
590;2020-11-23T17:59:44+01:00;0;0;0;null;null;0;null
591;2020-11-23T17:59:45+01:00;0;0;0;null;null;0;null
592;2020-11-23T17:59:46+01:00;0;0;0;null;null;0;null
593;2020-11-23T17:59:47+01:00;0;0;0;null;null;0;null
594;2020-11-23T17:59:48+01:00;0;0;0;null;null;0;null
595;2020-11-23T17:59:49+01:00;0;0;0;null;null;0;null
596;2020-11-23T17:59:50+01:00;0;0;0;null;null;0;null
597;2020-11-23T17:59:51+01:00;0;0;0;null;null;0;null
598;2020-11-23T17:59:52+01:00;0;0;0;null;null;0;null
599;2020-11-23T17:59:53+01:00;0;0;0;null;null;0;null
600;2020-11-23T17:59:54+01:00;0;0;0;null;null;0;null