Time;Hour;STA 6;STA 5;STA 4;STA 3;STA 2;STA 1
1;2020-11-23T18:45:44+01:00;0;0;1;1;0;0
2;2020-11-23T18:45:45+01:00;0;0;1;1;0;0
3;2020-11-23T18:45:46+01:00;0;0;1;1;0;0
4;2020-11-23T18:45:47+01:00;0;0;1;1;0;0
5;2020-11-23T18:45:48+01:00;0;0;1;1;0;0
6;2020-11-23T18:45:49+01:00;0;0;1;1;0;0
7;2020-11-23T18:45:50+01:00;0;0;1;1;0;0
8;2020-11-23T18:45:51+01:00;0;0;1;1;0;0
9;2020-11-23T18:45:52+01:00;0;0;1;1;0;0
10;2020-11-23T18:45:53+01:00;0;0;1;1;0;0
11;2020-11-23T18:45:54+01:00;0;0;1;1;0;0
12;2020-11-23T18:45:55+01:00;0;0;1;1;0;0
13;2020-11-23T18:45:56+01:00;0;0;1;1;0;0
14;2020-11-23T18:45:57+01:00;0;0;1;1;0;0
15;2020-11-23T18:45:58+01:00;0;0;1;1;0;0
16;2020-11-23T18:45:59+01:00;0;0;1;1;0;0
17;2020-11-23T18:46:00+01:00;0;0;1;1;0;0
18;2020-11-23T18:46:01+01:00;0;0;1;1;0;0
19;2020-11-23T18:46:02+01:00;0;0;1;1;0;0
20;2020-11-23T18:46:03+01:00;0;0;1;1;0;0
21;2020-11-23T18:46:04+01:00;0;0;1;1;0;0
22;2020-11-23T18:46:05+01:00;0;0;1;1;0;0
23;2020-11-23T18:46:06+01:00;0;0;1;1;0;0
24;2020-11-23T18:46:07+01:00;0;0;1;1;0;0
25;2020-11-23T18:46:08+01:00;0;0;1;1;0;0
26;2020-11-23T18:46:09+01:00;0;0;1;1;0;0
27;2020-11-23T18:46:10+01:00;0;0;1;1;0;0
28;2020-11-23T18:46:11+01:00;0;0;1;1;0;0
29;2020-11-23T18:46:12+01:00;0;0;1;1;0;0
30;2020-11-23T18:46:13+01:00;0;0;1;1;0;0
31;2020-11-23T18:46:14+01:00;0;0;1;1;0;0
32;2020-11-23T18:46:15+01:00;0;0;1;1;0;0
33;2020-11-23T18:46:16+01:00;0;0;1;1;0;0
34;2020-11-23T18:46:17+01:00;0;0;1;1;0;0
35;2020-11-23T18:46:18+01:00;0;0;1;1;0;0
36;2020-11-23T18:46:19+01:00;0;0;1;1;0;0
37;2020-11-23T18:46:20+01:00;0;0;1;1;0;0
38;2020-11-23T18:46:21+01:00;0;0;1;1;0;0
39;2020-11-23T18:46:22+01:00;0;0;1;1;0;0
40;2020-11-23T18:46:23+01:00;0;0;1;1;0;0
41;2020-11-23T18:46:24+01:00;0;0;1;1;0;0
42;2020-11-23T18:46:25+01:00;0;0;1;1;0;0
43;2020-11-23T18:46:26+01:00;0;0;1;1;0;0
44;2020-11-23T18:46:27+01:00;0;0;1;1;0;0
45;2020-11-23T18:46:28+01:00;0;0;1;1;0;0
46;2020-11-23T18:46:29+01:00;0;0;1;1;0;0
47;2020-11-23T18:46:30+01:00;0;0;1;1;0;0
48;2020-11-23T18:46:31+01:00;0;0;1;1;0;0
49;2020-11-23T18:46:32+01:00;0;0;1;1;0;0
50;2020-11-23T18:46:33+01:00;0;0;1;1;0;0
51;2020-11-23T18:46:34+01:00;0;0;1;1;0;0
52;2020-11-23T18:46:35+01:00;0;0;1;1;0;0
53;2020-11-23T18:46:36+01:00;0;0;1;1;0;0
54;2020-11-23T18:46:37+01:00;0;0;1;1;0;0
55;2020-11-23T18:46:38+01:00;0;0;1;1;0;0
56;2020-11-23T18:46:39+01:00;0;0;1;1;0;0
57;2020-11-23T18:46:40+01:00;0;0;1;1;0;0
58;2020-11-23T18:46:41+01:00;0;0;1;1;0;0
59;2020-11-23T18:46:42+01:00;0;0;1;1;0;0
60;2020-11-23T18:46:43+01:00;0;0;1;1;0;0
61;2020-11-23T18:46:44+01:00;0;0;1;1;0;0
62;2020-11-23T18:46:45+01:00;0;0;1;1;0;0
63;2020-11-23T18:46:46+01:00;0;0;1;1;0;0
64;2020-11-23T18:46:47+01:00;0;0;1;1;0;0
65;2020-11-23T18:46:48+01:00;0;0;1;1;0;0
66;2020-11-23T18:46:49+01:00;0;0;1;1;0;0
67;2020-11-23T18:46:50+01:00;0;0;1;1;0;0
68;2020-11-23T18:46:51+01:00;0;0;1;1;0;0
69;2020-11-23T18:46:52+01:00;0;0;1;1;0;0
70;2020-11-23T18:46:53+01:00;0;0;1;1;0;0
71;2020-11-23T18:46:54+01:00;0;0;1;1;0;0
72;2020-11-23T18:46:55+01:00;0;0;1;1;0;0
73;2020-11-23T18:46:56+01:00;0;0;1;1;0;0
74;2020-11-23T18:46:57+01:00;0;0;1;1;0;0
75;2020-11-23T18:46:58+01:00;0;0;1;1;0;0
76;2020-11-23T18:46:59+01:00;0;0;1;1;0;0
77;2020-11-23T18:47:00+01:00;0;0;1;1;0;0
78;2020-11-23T18:47:01+01:00;0;0;1;1;0;0
79;2020-11-23T18:47:02+01:00;0;0;1;1;0;0
80;2020-11-23T18:47:03+01:00;0;0;1;1;0;0
81;2020-11-23T18:47:04+01:00;0;0;1;1;0;0
82;2020-11-23T18:47:05+01:00;0;0;1;1;0;0
83;2020-11-23T18:47:06+01:00;0;0;1;1;0;0
84;2020-11-23T18:47:07+01:00;0;0;1;1;0;0
85;2020-11-23T18:47:08+01:00;0;0;1;1;0;0
86;2020-11-23T18:47:09+01:00;0;0;1;1;0;0
87;2020-11-23T18:47:10+01:00;0;0;1;1;0;0
88;2020-11-23T18:47:11+01:00;0;0;1;1;0;0
89;2020-11-23T18:47:12+01:00;0;0;1;1;0;0
90;2020-11-23T18:47:13+01:00;0;0;1;1;0;0
91;2020-11-23T18:47:14+01:00;0;0;1;1;0;0
92;2020-11-23T18:47:15+01:00;0;0;1;1;0;0
93;2020-11-23T18:47:16+01:00;0;0;1;1;0;0
94;2020-11-23T18:47:17+01:00;0;0;1;1;0;0
95;2020-11-23T18:47:18+01:00;0;0;1;1;0;0
96;2020-11-23T18:47:19+01:00;0;0;1;1;0;0
97;2020-11-23T18:47:20+01:00;0;0;1;1;0;0
98;2020-11-23T18:47:21+01:00;0;0;1;1;0;0
99;2020-11-23T18:47:22+01:00;0;0;1;1;0;0
100;2020-11-23T18:47:23+01:00;0;0;1;1;0;0
101;2020-11-23T18:47:24+01:00;0;0;1;1;0;0
102;2020-11-23T18:47:25+01:00;0;0;1;1;0;0
103;2020-11-23T18:47:26+01:00;0;0;1;1;0;0
104;2020-11-23T18:47:27+01:00;0;0;1;1;0;0
105;2020-11-23T18:47:28+01:00;0;0;1;1;0;0
106;2020-11-23T18:47:29+01:00;0;0;1;1;0;0
107;2020-11-23T18:47:30+01:00;0;0;1;1;0;0
108;2020-11-23T18:47:31+01:00;0;0;1;1;0;0
109;2020-11-23T18:47:32+01:00;0;0;1;1;0;0
110;2020-11-23T18:47:33+01:00;0;0;1;1;0;0
111;2020-11-23T18:47:34+01:00;0;0;1;1;0;0
112;2020-11-23T18:47:35+01:00;0;0;1;1;0;0
113;2020-11-23T18:47:36+01:00;0;0;1;1;0;0
114;2020-11-23T18:47:37+01:00;0;0;1;1;0;0
115;2020-11-23T18:47:38+01:00;0;0;1;1;0;0
116;2020-11-23T18:47:39+01:00;0;0;1;1;0;0
117;2020-11-23T18:47:40+01:00;0;0;1;1;0;0
118;2020-11-23T18:47:41+01:00;0;0;1;1;0;0
119;2020-11-23T18:47:42+01:00;0;0;1;1;0;0
120;2020-11-23T18:47:43+01:00;0;0;1;1;0;0
121;2020-11-23T18:47:44+01:00;0;0;1;1;0;0
122;2020-11-23T18:47:45+01:00;0;0;1;1;0;0
123;2020-11-23T18:47:46+01:00;0;0;1;1;0;0
124;2020-11-23T18:47:47+01:00;0;0;1;1;0;0
125;2020-11-23T18:47:48+01:00;0;0;1;1;0;0
126;2020-11-23T18:47:49+01:00;0;0;1;1;0;0
127;2020-11-23T18:47:50+01:00;0;0;1;1;0;0
128;2020-11-23T18:47:51+01:00;0;0;1;1;0;0
129;2020-11-23T18:47:52+01:00;0;0;1;1;0;0
130;2020-11-23T18:47:53+01:00;0;0;1;1;0;0
131;2020-11-23T18:47:54+01:00;0;0;1;1;0;0
132;2020-11-23T18:47:55+01:00;0;0;1;1;0;0
133;2020-11-23T18:47:56+01:00;0;0;1;1;0;0
134;2020-11-23T18:47:57+01:00;0;0;1;1;0;0
135;2020-11-23T18:47:58+01:00;0;0;1;1;0;0
136;2020-11-23T18:47:59+01:00;0;0;1;1;0;0
137;2020-11-23T18:48:00+01:00;0;0;1;1;0;0
138;2020-11-23T18:48:01+01:00;0;0;1;1;0;0
139;2020-11-23T18:48:02+01:00;0;0;1;1;0;0
140;2020-11-23T18:48:03+01:00;0;0;1;1;0;0
141;2020-11-23T18:48:04+01:00;0;0;1;1;0;0
142;2020-11-23T18:48:05+01:00;0;0;1;1;0;0
143;2020-11-23T18:48:06+01:00;0;0;1;1;0;0
144;2020-11-23T18:48:07+01:00;0;0;1;1;0;0
145;2020-11-23T18:48:08+01:00;0;0;1;1;0;0
146;2020-11-23T18:48:09+01:00;0;0;1;1;0;0
147;2020-11-23T18:48:10+01:00;0;0;1;1;0;0
148;2020-11-23T18:48:11+01:00;0;0;1;1;0;0
149;2020-11-23T18:48:12+01:00;0;0;1;1;0;0
150;2020-11-23T18:48:13+01:00;0;0;1;1;0;0
151;2020-11-23T18:48:14+01:00;0;0;1;1;0;0
152;2020-11-23T18:48:15+01:00;0;0;1;1;0;0
153;2020-11-23T18:48:16+01:00;0;0;1;1;0;0
154;2020-11-23T18:48:17+01:00;0;0;1;1;0;0
155;2020-11-23T18:48:18+01:00;0;0;1;1;0;0
156;2020-11-23T18:48:19+01:00;0;0;1;1;0;0
157;2020-11-23T18:48:20+01:00;0;0;1;1;0;0
158;2020-11-23T18:48:21+01:00;0;0;1;1;0;0
159;2020-11-23T18:48:22+01:00;0;0;1;1;0;0
160;2020-11-23T18:48:23+01:00;0;0;1;1;0;0
161;2020-11-23T18:48:24+01:00;0;0;1;1;0;0
162;2020-11-23T18:48:25+01:00;0;0;1;1;0;0
163;2020-11-23T18:48:26+01:00;0;0;1;1;0;0
164;2020-11-23T18:48:27+01:00;0;0;1;1;0;0
165;2020-11-23T18:48:28+01:00;0;0;1;1;0;0
166;2020-11-23T18:48:29+01:00;0;0;1;1;0;0
167;2020-11-23T18:48:30+01:00;0;0;1;1;0;0
168;2020-11-23T18:48:31+01:00;0;0;1;1;0;0
169;2020-11-23T18:48:32+01:00;0;0;1;1;0;0
170;2020-11-23T18:48:33+01:00;0;0;1;1;0;0
171;2020-11-23T18:48:34+01:00;0;0;1;1;0;0
172;2020-11-23T18:48:35+01:00;0;0;1;1;0;0
173;2020-11-23T18:48:36+01:00;0;0;1;1;0;0
174;2020-11-23T18:48:37+01:00;0;0;1;1;0;0
175;2020-11-23T18:48:38+01:00;0;0;1;1;0;0
176;2020-11-23T18:48:39+01:00;0;0;1;1;0;0
177;2020-11-23T18:48:40+01:00;0;0;1;1;0;0
178;2020-11-23T18:48:41+01:00;0;0;1;1;0;0
179;2020-11-23T18:48:42+01:00;0;0;1;1;0;0
180;2020-11-23T18:48:43+01:00;0;0;1;1;0;0
181;2020-11-23T18:48:44+01:00;0;0;1;1;0;0
182;2020-11-23T18:48:45+01:00;0;0;1;1;0;0
183;2020-11-23T18:48:46+01:00;0;0;1;1;0;0
184;2020-11-23T18:48:47+01:00;0;0;1;1;0;0
185;2020-11-23T18:48:48+01:00;0;0;1;1;0;0
186;2020-11-23T18:48:49+01:00;0;0;1;1;0;0
187;2020-11-23T18:48:50+01:00;0;0;1;1;0;0
188;2020-11-23T18:48:51+01:00;0;0;1;1;0;0
189;2020-11-23T18:48:52+01:00;0;0;1;1;0;0
190;2020-11-23T18:48:53+01:00;0;0;1;1;0;0
191;2020-11-23T18:48:54+01:00;0;0;1;1;0;0
192;2020-11-23T18:48:55+01:00;0;0;1;1;0;0
193;2020-11-23T18:48:56+01:00;0;0;1;1;0;0
194;2020-11-23T18:48:57+01:00;0;0;1;1;0;0
195;2020-11-23T18:48:58+01:00;0;0;1;1;0;0
196;2020-11-23T18:48:59+01:00;0;0;1;1;0;0
197;2020-11-23T18:49:00+01:00;0;0;1;1;0;0
198;2020-11-23T18:49:01+01:00;0;0;1;1;0;0
199;2020-11-23T18:49:02+01:00;0;0;1;1;0;0
200;2020-11-23T18:49:03+01:00;0;0;1;1;0;0
201;2020-11-23T18:49:04+01:00;0;0;1;1;0;0
202;2020-11-23T18:49:05+01:00;0;0;1;1;0;0
203;2020-11-23T18:49:06+01:00;0;0;1;1;0;0
204;2020-11-23T18:49:07+01:00;0;0;1;1;0;0
205;2020-11-23T18:49:08+01:00;0;0;1;1;0;0
206;2020-11-23T18:49:09+01:00;0;0;1;1;0;0
207;2020-11-23T18:49:10+01:00;0;0;1;1;0;0
208;2020-11-23T18:49:11+01:00;0;0;1;1;0;0
209;2020-11-23T18:49:12+01:00;0;0;1;1;0;0
210;2020-11-23T18:49:13+01:00;0;0;1;1;0;0
211;2020-11-23T18:49:14+01:00;0;0;1;1;0;0
212;2020-11-23T18:49:15+01:00;0;0;1;1;0;0
213;2020-11-23T18:49:16+01:00;0;0;1;1;0;0
214;2020-11-23T18:49:17+01:00;0;0;1;1;0;0
215;2020-11-23T18:49:18+01:00;0;0;1;1;0;0
216;2020-11-23T18:49:19+01:00;0;0;1;1;0;0
217;2020-11-23T18:49:20+01:00;0;0;1;1;0;0
218;2020-11-23T18:49:21+01:00;0;0;1;1;0;0
219;2020-11-23T18:49:22+01:00;0;0;1;1;0;0
220;2020-11-23T18:49:23+01:00;0;0;1;1;0;0
221;2020-11-23T18:49:24+01:00;0;0;1;1;0;0
222;2020-11-23T18:49:25+01:00;0;0;1;1;0;0
223;2020-11-23T18:49:26+01:00;0;0;1;1;0;0
224;2020-11-23T18:49:27+01:00;0;0;1;1;0;0
225;2020-11-23T18:49:28+01:00;0;0;1;1;0;0
226;2020-11-23T18:49:29+01:00;0;0;1;1;0;0
227;2020-11-23T18:49:30+01:00;0;0;1;1;0;0
228;2020-11-23T18:49:31+01:00;0;0;1;1;0;0
229;2020-11-23T18:49:32+01:00;0;0;1;1;0;0
230;2020-11-23T18:49:33+01:00;0;0;1;1;0;0
231;2020-11-23T18:49:34+01:00;0;0;1;1;0;0
232;2020-11-23T18:49:35+01:00;0;0;1;1;0;0
233;2020-11-23T18:49:36+01:00;0;0;1;1;0;0
234;2020-11-23T18:49:37+01:00;0;0;1;1;0;0
235;2020-11-23T18:49:38+01:00;0;0;1;1;0;0
236;2020-11-23T18:49:39+01:00;0;0;1;1;0;0
237;2020-11-23T18:49:40+01:00;0;0;1;1;0;0
238;2020-11-23T18:49:41+01:00;0;0;1;1;0;0
239;2020-11-23T18:49:42+01:00;0;0;1;1;0;0
240;2020-11-23T18:49:43+01:00;0;0;1;1;0;0
241;2020-11-23T18:49:44+01:00;0;0;1;1;0;0
242;2020-11-23T18:49:45+01:00;0;0;1;1;0;0
243;2020-11-23T18:49:46+01:00;0;0;1;1;0;0
244;2020-11-23T18:49:47+01:00;0;0;1;1;0;0
245;2020-11-23T18:49:48+01:00;0;0;1;1;0;0
246;2020-11-23T18:49:49+01:00;0;0;1;1;0;0
247;2020-11-23T18:49:50+01:00;0;0;1;1;0;0
248;2020-11-23T18:49:51+01:00;0;0;1;1;0;0
249;2020-11-23T18:49:52+01:00;0;0;1;1;0;0
250;2020-11-23T18:49:53+01:00;0;0;1;1;0;0
251;2020-11-23T18:49:54+01:00;0;0;1;1;0;0
252;2020-11-23T18:49:55+01:00;0;0;1;1;0;0
253;2020-11-23T18:49:56+01:00;0;0;1;1;0;0
254;2020-11-23T18:49:57+01:00;0;0;1;1;0;0
255;2020-11-23T18:49:58+01:00;0;0;1;1;0;0
256;2020-11-23T18:49:59+01:00;0;0;1;1;0;0
257;2020-11-23T18:50:00+01:00;0;0;1;1;0;0
258;2020-11-23T18:50:01+01:00;0;0;1;1;0;0
259;2020-11-23T18:50:02+01:00;0;0;1;1;0;0
260;2020-11-23T18:50:03+01:00;0;0;1;1;0;0
261;2020-11-23T18:50:04+01:00;0;0;1;1;0;0
262;2020-11-23T18:50:05+01:00;0;0;1;1;0;0
263;2020-11-23T18:50:06+01:00;0;0;1;1;0;0
264;2020-11-23T18:50:07+01:00;0;0;1;1;0;0
265;2020-11-23T18:50:08+01:00;0;0;1;1;0;0
266;2020-11-23T18:50:09+01:00;0;0;1;1;0;0
267;2020-11-23T18:50:10+01:00;0;0;1;1;0;0
268;2020-11-23T18:50:11+01:00;0;0;1;1;0;0
269;2020-11-23T18:50:12+01:00;0;0;1;1;0;0
270;2020-11-23T18:50:13+01:00;0;0;1;1;0;0
271;2020-11-23T18:50:14+01:00;0;0;1;1;0;0
272;2020-11-23T18:50:15+01:00;0;0;1;1;0;0
273;2020-11-23T18:50:16+01:00;0;0;1;1;0;0
274;2020-11-23T18:50:17+01:00;0;0;1;1;0;0
275;2020-11-23T18:50:18+01:00;0;0;1;1;0;0
276;2020-11-23T18:50:19+01:00;0;0;1;1;0;0
277;2020-11-23T18:50:20+01:00;0;0;1;1;0;0
278;2020-11-23T18:50:21+01:00;0;0;1;1;0;0
279;2020-11-23T18:50:22+01:00;0;0;1;1;0;0
280;2020-11-23T18:50:23+01:00;0;0;1;1;0;0
281;2020-11-23T18:50:24+01:00;0;0;1;1;0;0
282;2020-11-23T18:50:25+01:00;0;0;1;1;0;0
283;2020-11-23T18:50:26+01:00;0;0;1;1;0;0
284;2020-11-23T18:50:27+01:00;0;0;1;1;0;0
285;2020-11-23T18:50:28+01:00;0;0;1;1;0;0
286;2020-11-23T18:50:29+01:00;0;0;1;1;0;0
287;2020-11-23T18:50:30+01:00;0;0;1;1;0;0
288;2020-11-23T18:50:31+01:00;0;0;1;1;0;0
289;2020-11-23T18:50:32+01:00;0;0;1;1;0;0
290;2020-11-23T18:50:33+01:00;0;0;1;1;0;0
291;2020-11-23T18:50:34+01:00;0;0;1;1;0;0
292;2020-11-23T18:50:35+01:00;0;0;1;1;0;0
293;2020-11-23T18:50:36+01:00;0;0;1;1;0;0
294;2020-11-23T18:50:37+01:00;0;0;1;1;0;0
295;2020-11-23T18:50:38+01:00;0;0;1;1;0;0
296;2020-11-23T18:50:39+01:00;0;0;1;1;0;0
297;2020-11-23T18:50:40+01:00;0;0;1;1;0;0
298;2020-11-23T18:50:41+01:00;0;0;1;1;0;0
299;2020-11-23T18:50:42+01:00;0;0;1;1;0;0
300;2020-11-23T18:50:43+01:00;0;0;1;1;0;0
301;2020-11-23T18:50:44+01:00;0;0;1;1;0;0
302;2020-11-23T18:50:45+01:00;0;0;1;1;0;0
303;2020-11-23T18:50:46+01:00;0;0;1;1;0;0
304;2020-11-23T18:50:47+01:00;0;0;1;1;0;0
305;2020-11-23T18:50:48+01:00;0;0;1;1;0;0
306;2020-11-23T18:50:49+01:00;0;0;1;1;0;0
307;2020-11-23T18:50:50+01:00;0;0;1;1;0;0
308;2020-11-23T18:50:51+01:00;0;0;1;1;0;0
309;2020-11-23T18:50:52+01:00;0;0;1;1;0;0
310;2020-11-23T18:50:53+01:00;0;0;1;1;0;0
311;2020-11-23T18:50:54+01:00;0;0;1;1;0;0
312;2020-11-23T18:50:55+01:00;0;0;1;1;0;0
313;2020-11-23T18:50:56+01:00;0;0;1;1;0;0
314;2020-11-23T18:50:57+01:00;0;0;1;1;0;0
315;2020-11-23T18:50:58+01:00;0;0;1;1;0;0
316;2020-11-23T18:50:59+01:00;0;0;1;1;0;0
317;2020-11-23T18:51:00+01:00;0;0;1;1;0;0
318;2020-11-23T18:51:01+01:00;0;0;1;1;0;0
319;2020-11-23T18:51:02+01:00;0;0;1;1;0;0
320;2020-11-23T18:51:03+01:00;0;0;1;1;0;0
321;2020-11-23T18:51:04+01:00;0;0;1;1;0;0
322;2020-11-23T18:51:05+01:00;0;0;1;1;0;0
323;2020-11-23T18:51:06+01:00;0;0;1;1;0;0
324;2020-11-23T18:51:07+01:00;0;0;1;1;0;0
325;2020-11-23T18:51:08+01:00;0;0;1;1;0;0
326;2020-11-23T18:51:09+01:00;0;0;1;1;0;0
327;2020-11-23T18:51:10+01:00;0;0;1;1;0;0
328;2020-11-23T18:51:11+01:00;0;0;1;1;0;0
329;2020-11-23T18:51:12+01:00;0;0;1;1;0;0
330;2020-11-23T18:51:13+01:00;0;0;1;1;0;0
331;2020-11-23T18:51:14+01:00;0;0;1;1;0;0
332;2020-11-23T18:51:15+01:00;0;0;1;1;0;0
333;2020-11-23T18:51:16+01:00;0;0;1;1;0;0
334;2020-11-23T18:51:17+01:00;0;0;1;1;0;0
335;2020-11-23T18:51:18+01:00;0;0;1;1;0;0
336;2020-11-23T18:51:19+01:00;0;0;1;1;0;0
337;2020-11-23T18:51:20+01:00;0;0;1;1;0;0
338;2020-11-23T18:51:21+01:00;0;0;1;1;0;0
339;2020-11-23T18:51:22+01:00;0;0;1;1;0;0
340;2020-11-23T18:51:23+01:00;0;0;1;1;0;0
341;2020-11-23T18:51:24+01:00;0;0;1;1;0;0
342;2020-11-23T18:51:25+01:00;0;0;1;1;0;0
343;2020-11-23T18:51:26+01:00;0;0;1;1;0;0
344;2020-11-23T18:51:27+01:00;0;0;1;1;0;0
345;2020-11-23T18:51:28+01:00;0;0;1;1;0;0
346;2020-11-23T18:51:29+01:00;0;0;1;1;0;0
347;2020-11-23T18:51:30+01:00;0;0;1;1;0;0
348;2020-11-23T18:51:31+01:00;0;0;1;1;0;0
349;2020-11-23T18:51:32+01:00;0;0;1;1;0;0
350;2020-11-23T18:51:33+01:00;0;0;1;1;0;0
351;2020-11-23T18:51:34+01:00;0;0;1;1;0;0
352;2020-11-23T18:51:35+01:00;0;0;1;1;0;0
353;2020-11-23T18:51:36+01:00;0;0;1;1;0;0
354;2020-11-23T18:51:37+01:00;0;0;1;1;0;0
355;2020-11-23T18:51:38+01:00;0;0;1;1;0;0
356;2020-11-23T18:51:39+01:00;0;0;1;1;0;0
357;2020-11-23T18:51:40+01:00;0;0;1;1;0;0
358;2020-11-23T18:51:41+01:00;0;0;1;1;0;0
359;2020-11-23T18:51:42+01:00;0;0;1;1;0;0
360;2020-11-23T18:51:43+01:00;0;0;1;1;0;0
361;2020-11-23T18:51:44+01:00;0;0;1;1;0;0
362;2020-11-23T18:51:45+01:00;0;0;1;1;0;0
363;2020-11-23T18:51:46+01:00;0;0;1;1;0;0
364;2020-11-23T18:51:47+01:00;0;0;1;1;0;0
365;2020-11-23T18:51:48+01:00;0;0;1;1;0;0
366;2020-11-23T18:51:49+01:00;0;0;1;1;0;0
367;2020-11-23T18:51:50+01:00;0;0;1;1;0;0
368;2020-11-23T18:51:51+01:00;0;0;1;1;0;0
369;2020-11-23T18:51:52+01:00;0;0;1;1;0;0
370;2020-11-23T18:51:53+01:00;0;0;1;1;0;0
371;2020-11-23T18:51:54+01:00;0;0;1;1;0;0
372;2020-11-23T18:51:55+01:00;0;0;1;1;0;0
373;2020-11-23T18:51:56+01:00;0;0;1;1;0;0
374;2020-11-23T18:51:57+01:00;0;0;1;1;0;0
375;2020-11-23T18:51:58+01:00;0;0;1;1;0;0
376;2020-11-23T18:51:59+01:00;0;0;1;1;0;0
377;2020-11-23T18:52:00+01:00;0;0;1;1;0;0
378;2020-11-23T18:52:01+01:00;0;0;1;1;0;0
379;2020-11-23T18:52:02+01:00;0;0;1;1;0;0
380;2020-11-23T18:52:03+01:00;0;0;1;1;0;0
381;2020-11-23T18:52:04+01:00;0;0;1;1;0;0
382;2020-11-23T18:52:05+01:00;0;0;1;1;0;0
383;2020-11-23T18:52:06+01:00;0;0;1;1;0;0
384;2020-11-23T18:52:07+01:00;0;0;1;1;0;0
385;2020-11-23T18:52:08+01:00;0;0;1;1;0;0
386;2020-11-23T18:52:09+01:00;0;0;1;1;0;0
387;2020-11-23T18:52:10+01:00;0;0;1;1;0;0
388;2020-11-23T18:52:11+01:00;0;0;1;1;0;0
389;2020-11-23T18:52:12+01:00;0;0;1;1;0;0
390;2020-11-23T18:52:13+01:00;0;0;1;1;0;0
391;2020-11-23T18:52:14+01:00;0;0;1;1;0;0
392;2020-11-23T18:52:15+01:00;0;0;1;1;0;0
393;2020-11-23T18:52:16+01:00;0;0;1;1;0;0
394;2020-11-23T18:52:17+01:00;0;0;1;1;0;0
395;2020-11-23T18:52:18+01:00;0;0;1;1;0;0
396;2020-11-23T18:52:19+01:00;0;0;1;1;0;0
397;2020-11-23T18:52:20+01:00;0;0;1;1;0;0
398;2020-11-23T18:52:21+01:00;0;0;1;1;0;0
399;2020-11-23T18:52:22+01:00;0;0;1;1;0;0
400;2020-11-23T18:52:23+01:00;0;0;1;1;0;0
401;2020-11-23T18:52:24+01:00;0;0;1;1;0;0
402;2020-11-23T18:52:25+01:00;0;0;1;1;0;0
403;2020-11-23T18:52:26+01:00;0;0;1;1;0;0
404;2020-11-23T18:52:27+01:00;0;0;1;1;0;0
405;2020-11-23T18:52:28+01:00;0;0;1;1;0;0
406;2020-11-23T18:52:29+01:00;0;0;1;1;0;0
407;2020-11-23T18:52:30+01:00;0;0;1;1;0;0
408;2020-11-23T18:52:31+01:00;0;0;1;1;0;0
409;2020-11-23T18:52:32+01:00;0;0;1;1;0;0
410;2020-11-23T18:52:33+01:00;0;0;1;1;0;0
411;2020-11-23T18:52:34+01:00;0;0;1;1;0;0
412;2020-11-23T18:52:35+01:00;0;0;1;1;0;0
413;2020-11-23T18:52:36+01:00;0;0;1;1;0;0
414;2020-11-23T18:52:37+01:00;0;0;1;1;0;0
415;2020-11-23T18:52:38+01:00;0;0;1;1;0;0
416;2020-11-23T18:52:39+01:00;0;0;1;1;0;0
417;2020-11-23T18:52:40+01:00;0;0;1;1;0;0
418;2020-11-23T18:52:41+01:00;0;0;1;1;0;0
419;2020-11-23T18:52:42+01:00;0;0;1;1;0;0
420;2020-11-23T18:52:43+01:00;0;0;1;1;0;0
421;2020-11-23T18:52:44+01:00;0;0;1;1;0;0
422;2020-11-23T18:52:45+01:00;0;0;1;1;0;0
423;2020-11-23T18:52:46+01:00;0;0;1;1;0;0
424;2020-11-23T18:52:47+01:00;0;0;1;1;0;0
425;2020-11-23T18:52:48+01:00;0;0;1;1;0;0
426;2020-11-23T18:52:49+01:00;0;0;1;1;0;0
427;2020-11-23T18:52:50+01:00;0;0;1;1;0;0
428;2020-11-23T18:52:51+01:00;0;0;1;1;0;0
429;2020-11-23T18:52:52+01:00;0;0;1;1;0;0
430;2020-11-23T18:52:53+01:00;0;0;1;1;0;0
431;2020-11-23T18:52:54+01:00;0;0;1;1;0;0
432;2020-11-23T18:52:55+01:00;0;0;1;1;0;0
433;2020-11-23T18:52:56+01:00;0;0;1;1;0;0
434;2020-11-23T18:52:57+01:00;0;0;1;1;0;0
435;2020-11-23T18:52:58+01:00;0;0;1;1;0;0
436;2020-11-23T18:52:59+01:00;0;0;1;1;0;0
437;2020-11-23T18:53:00+01:00;0;0;1;1;0;0
438;2020-11-23T18:53:01+01:00;0;0;1;1;0;0
439;2020-11-23T18:53:02+01:00;0;0;1;1;0;0
440;2020-11-23T18:53:03+01:00;0;0;1;1;0;0
441;2020-11-23T18:53:04+01:00;0;0;1;1;0;0
442;2020-11-23T18:53:05+01:00;0;0;1;1;0;0
443;2020-11-23T18:53:06+01:00;0;0;1;1;0;0
444;2020-11-23T18:53:07+01:00;0;0;1;1;0;0
445;2020-11-23T18:53:08+01:00;0;0;1;1;0;0
446;2020-11-23T18:53:09+01:00;0;0;1;1;0;0
447;2020-11-23T18:53:10+01:00;0;0;1;1;0;0
448;2020-11-23T18:53:11+01:00;0;0;1;1;0;0
449;2020-11-23T18:53:12+01:00;0;0;1;1;0;0
450;2020-11-23T18:53:13+01:00;0;0;1;1;0;0
451;2020-11-23T18:53:14+01:00;0;0;1;1;0;0
452;2020-11-23T18:53:15+01:00;0;0;1;1;0;0
453;2020-11-23T18:53:16+01:00;0;0;1;1;0;0
454;2020-11-23T18:53:17+01:00;0;0;1;1;0;0
455;2020-11-23T18:53:18+01:00;0;0;1;1;0;0
456;2020-11-23T18:53:19+01:00;0;0;1;1;0;0
457;2020-11-23T18:53:20+01:00;0;0;1;1;0;0
458;2020-11-23T18:53:21+01:00;0;0;1;1;0;0
459;2020-11-23T18:53:22+01:00;0;0;1;1;0;0
460;2020-11-23T18:53:23+01:00;0;0;1;1;0;0
461;2020-11-23T18:53:24+01:00;0;0;1;1;0;0
462;2020-11-23T18:53:25+01:00;0;0;1;1;0;0
463;2020-11-23T18:53:26+01:00;0;0;1;1;0;0
464;2020-11-23T18:53:27+01:00;0;0;1;1;0;0
465;2020-11-23T18:53:28+01:00;0;0;1;1;0;0
466;2020-11-23T18:53:29+01:00;0;0;1;1;0;0
467;2020-11-23T18:53:30+01:00;0;0;1;1;0;0
468;2020-11-23T18:53:31+01:00;0;0;1;1;0;0
469;2020-11-23T18:53:32+01:00;0;0;1;1;0;0
470;2020-11-23T18:53:33+01:00;0;0;1;1;0;0
471;2020-11-23T18:53:34+01:00;0;0;1;1;0;0
472;2020-11-23T18:53:35+01:00;0;0;1;1;0;0
473;2020-11-23T18:53:36+01:00;0;0;1;1;0;0
474;2020-11-23T18:53:37+01:00;0;0;1;1;0;0
475;2020-11-23T18:53:38+01:00;0;0;1;1;0;0
476;2020-11-23T18:53:39+01:00;0;0;1;1;0;0
477;2020-11-23T18:53:40+01:00;0;0;1;1;0;0
478;2020-11-23T18:53:41+01:00;0;0;1;1;0;0
479;2020-11-23T18:53:42+01:00;0;0;1;1;0;0
480;2020-11-23T18:53:43+01:00;0;0;1;1;0;0
481;2020-11-23T18:53:44+01:00;0;0;1;1;0;0
482;2020-11-23T18:53:45+01:00;0;0;1;1;0;0
483;2020-11-23T18:53:46+01:00;0;0;1;1;0;0
484;2020-11-23T18:53:47+01:00;0;0;1;1;0;0
485;2020-11-23T18:53:48+01:00;0;0;1;1;0;0
486;2020-11-23T18:53:49+01:00;0;0;1;1;0;0
487;2020-11-23T18:53:50+01:00;0;0;1;1;0;0
488;2020-11-23T18:53:51+01:00;0;0;1;1;0;0
489;2020-11-23T18:53:52+01:00;0;0;1;1;0;0
490;2020-11-23T18:53:53+01:00;0;0;1;1;0;0
491;2020-11-23T18:53:54+01:00;0;0;1;1;0;0
492;2020-11-23T18:53:55+01:00;0;0;1;1;0;0
493;2020-11-23T18:53:56+01:00;0;0;1;1;0;0
494;2020-11-23T18:53:57+01:00;0;0;1;1;0;0
495;2020-11-23T18:53:58+01:00;0;0;1;1;0;0
496;2020-11-23T18:53:59+01:00;0;0;1;1;0;0
497;2020-11-23T18:54:00+01:00;0;0;1;1;0;0
498;2020-11-23T18:54:01+01:00;0;0;1;1;0;0
499;2020-11-23T18:54:02+01:00;0;0;1;1;0;0
500;2020-11-23T18:54:03+01:00;0;0;1;1;0;0
501;2020-11-23T18:54:04+01:00;0;0;1;1;0;0
502;2020-11-23T18:54:05+01:00;0;0;1;1;0;0
503;2020-11-23T18:54:06+01:00;0;0;1;1;0;0
504;2020-11-23T18:54:07+01:00;0;0;1;1;0;0
505;2020-11-23T18:54:08+01:00;0;0;1;1;0;0
506;2020-11-23T18:54:09+01:00;0;0;1;1;0;0
507;2020-11-23T18:54:10+01:00;0;0;1;1;0;0
508;2020-11-23T18:54:11+01:00;0;0;1;1;0;0
509;2020-11-23T18:54:12+01:00;0;0;1;1;0;0
510;2020-11-23T18:54:13+01:00;0;0;1;1;0;0
511;2020-11-23T18:54:14+01:00;0;0;1;1;0;0
512;2020-11-23T18:54:15+01:00;0;0;1;1;0;0
513;2020-11-23T18:54:16+01:00;0;0;1;1;0;0
514;2020-11-23T18:54:17+01:00;0;0;1;1;0;0
515;2020-11-23T18:54:18+01:00;0;0;1;1;0;0
516;2020-11-23T18:54:19+01:00;0;0;1;1;0;0
517;2020-11-23T18:54:20+01:00;0;0;1;1;0;0
518;2020-11-23T18:54:21+01:00;0;0;1;1;0;0
519;2020-11-23T18:54:22+01:00;0;0;1;1;0;0
520;2020-11-23T18:54:23+01:00;0;0;1;1;0;0
521;2020-11-23T18:54:24+01:00;0;0;1;1;0;0
522;2020-11-23T18:54:25+01:00;0;0;1;1;0;0
523;2020-11-23T18:54:26+01:00;0;0;1;1;0;0
524;2020-11-23T18:54:27+01:00;0;0;1;1;0;0
525;2020-11-23T18:54:28+01:00;0;0;1;1;0;0
526;2020-11-23T18:54:29+01:00;0;0;1;1;0;0
527;2020-11-23T18:54:30+01:00;0;0;1;1;0;0
528;2020-11-23T18:54:31+01:00;0;0;1;1;0;0
529;2020-11-23T18:54:32+01:00;0;0;1;1;0;0
530;2020-11-23T18:54:33+01:00;0;0;1;1;0;0
531;2020-11-23T18:54:34+01:00;0;0;1;1;0;0
532;2020-11-23T18:54:35+01:00;0;0;1;1;0;0
533;2020-11-23T18:54:36+01:00;0;0;1;1;0;0
534;2020-11-23T18:54:37+01:00;0;0;1;1;0;0
535;2020-11-23T18:54:38+01:00;0;0;1;1;0;0
536;2020-11-23T18:54:39+01:00;0;0;1;1;0;0
537;2020-11-23T18:54:40+01:00;0;0;1;1;0;0
538;2020-11-23T18:54:41+01:00;0;0;1;1;0;0
539;2020-11-23T18:54:42+01:00;0;0;1;1;0;0
540;2020-11-23T18:54:43+01:00;0;0;1;1;0;0
541;2020-11-23T18:54:44+01:00;0;0;1;1;0;0
542;2020-11-23T18:54:45+01:00;0;0;1;1;0;0
543;2020-11-23T18:54:46+01:00;0;0;1;1;0;0
544;2020-11-23T18:54:47+01:00;0;0;1;1;0;0
545;2020-11-23T18:54:48+01:00;0;0;1;1;0;0
546;2020-11-23T18:54:49+01:00;0;0;1;1;0;0
547;2020-11-23T18:54:50+01:00;0;0;1;1;0;0
548;2020-11-23T18:54:51+01:00;0;0;1;1;0;0
549;2020-11-23T18:54:52+01:00;0;0;1;1;0;0
550;2020-11-23T18:54:53+01:00;0;0;1;1;0;0
551;2020-11-23T18:54:54+01:00;0;0;1;1;0;0
552;2020-11-23T18:54:55+01:00;0;0;1;1;0;0
553;2020-11-23T18:54:56+01:00;0;0;1;1;0;0
554;2020-11-23T18:54:57+01:00;0;0;1;1;0;0
555;2020-11-23T18:54:58+01:00;0;0;1;1;0;0
556;2020-11-23T18:54:59+01:00;0;0;1;1;0;0
557;2020-11-23T18:55:00+01:00;0;0;1;1;0;0
558;2020-11-23T18:55:01+01:00;0;0;1;1;0;0
559;2020-11-23T18:55:02+01:00;0;0;1;1;0;0
560;2020-11-23T18:55:03+01:00;0;0;1;1;0;0
561;2020-11-23T18:55:04+01:00;0;0;1;1;0;0
562;2020-11-23T18:55:05+01:00;0;0;1;1;0;0
563;2020-11-23T18:55:06+01:00;0;0;1;1;0;0
564;2020-11-23T18:55:07+01:00;0;0;1;1;0;0
565;2020-11-23T18:55:08+01:00;0;0;1;1;0;0
566;2020-11-23T18:55:09+01:00;0;0;1;1;0;0
567;2020-11-23T18:55:10+01:00;0;0;1;1;0;0
568;2020-11-23T18:55:11+01:00;0;0;1;1;0;0
569;2020-11-23T18:55:12+01:00;0;0;1;1;0;0
570;2020-11-23T18:55:13+01:00;0;0;1;1;0;0
571;2020-11-23T18:55:14+01:00;0;0;1;1;0;0
572;2020-11-23T18:55:15+01:00;0;0;1;1;0;0
573;2020-11-23T18:55:16+01:00;0;0;1;1;0;0
574;2020-11-23T18:55:17+01:00;0;0;1;1;0;0
575;2020-11-23T18:55:18+01:00;0;0;1;1;0;0
576;2020-11-23T18:55:19+01:00;0;0;1;1;0;0
577;2020-11-23T18:55:20+01:00;0;0;1;1;0;0
578;2020-11-23T18:55:21+01:00;0;0;1;1;0;0
579;2020-11-23T18:55:22+01:00;0;0;1;1;0;0
580;2020-11-23T18:55:23+01:00;0;0;1;1;0;0
581;2020-11-23T18:55:24+01:00;0;0;1;1;0;0
582;2020-11-23T18:55:25+01:00;0;0;1;1;0;0
583;2020-11-23T18:55:26+01:00;0;0;1;1;0;0
584;2020-11-23T18:55:27+01:00;0;0;1;1;0;0
585;2020-11-23T18:55:28+01:00;0;0;1;1;0;0
586;2020-11-23T18:55:29+01:00;0;0;1;1;0;0
587;2020-11-23T18:55:30+01:00;0;0;1;1;0;0
588;2020-11-23T18:55:31+01:00;0;0;1;1;0;0
589;2020-11-23T18:55:32+01:00;0;0;1;1;0;0
590;2020-11-23T18:55:33+01:00;0;0;1;1;0;0
591;2020-11-23T18:55:34+01:00;0;0;1;1;0;0
592;2020-11-23T18:55:35+01:00;0;0;1;1;0;0
593;2020-11-23T18:55:36+01:00;0;0;1;1;0;0
594;2020-11-23T18:55:37+01:00;0;0;1;1;0;0
595;2020-11-23T18:55:38+01:00;0;0;1;1;0;0
596;2020-11-23T18:55:39+01:00;0;0;1;1;0;0
597;2020-11-23T18:55:40+01:00;0;0;1;1;0;0
598;2020-11-23T18:55:41+01:00;0;0;1;1;0;0
599;2020-11-23T18:55:42+01:00;0;0;1;1;0;0
600;2020-11-23T18:55:43+01:00;0;0;1;1;0;0